Year,Attack_Description,Country,Industry_Type
1982,CIA Trojan Causes Siberian Gas Pipeline Explosion,Russia,Petroleum
1985,Union Carbide Chemical Leak West Virginia,United States,Chemical
1989,Oil Company SCADA System Impacted by RF Interference,United States,Petroleum
1991,Computer Error at Sellafield Nuclear Plant in UK,England,Energy
1992,Computer Sabotage at Nuclear Power Plant,Lithuania,Energy
1994,Computer Software Faults May Have Caused Chinook Helicopter Crash,England,Transportation Systems
1994,Salt River Project Hack,United States,Energy
1995,PLCs Crashed by IT Audit,United States,Food and Agriculture
1995,Oakland Air-Traffic Control Center Outage,United States,Transportation Systems
1996,Duplicate IP Address Prevents Machine Startup,Canada,Pulp and Paper
1996,Omega Engineering Sabotage,United States,Critical Manufacturing
1997,Wrong Code Downloaded to PLC Causes Plant to Shutdown,England,Food and Agriculture
1997,Worcester Air Traffic Communications System Hack,United States,Transportation Systems
1997,Korean Air Line B747 CFIT Accident in Guam,Guam,Transportation Systems
1997,New Serial Communications Line Disrupts Network,England,Food and Agriculture
1997,Broadcast Storm Shuts Down DCS Consoles,Canada,Food and Agriculture
1998,Hackers Attack NZ & Aust for Joining Gulf Taskforce,New Zealand,Energy
1999,Power Outages and Other Service Interruptions,United States,Energy
1999,Y2K Test Crashes Reactor Computer,United States,Energy
1999,Olympic Pipeline Rupture and Subsequent Fire,United States,Petroleum
1999,Virus Infection On DCS,England,Food and Agriculture
1999,Navy Radar Shuts Down SCADA Systems,United States,Water and Wastewater Systems
1999,Hacker Takes Over Russian Gas System,Russia,Petroleum
2000,Accidental Remote Control,Sweden,Critical Manufacturing
2000,Maroochy Shire Sewage Spill,Australia,Water and Wastewater Systems
2000,Accidental Remote Uploading of PLC Program,Canada,Petroleum
2001,Hackers Target Cal - ISO System,United States,Energy
2001,Anti-Virus Software Prevents Boiler Safety Shutdown,United States,Petroleum
2001,Code Red Worm Defaces Automation Web Pages,United States,Petroleum
2001,Nimda Impact on Manufacturing System,United States,Food and Agriculture
2001,DoS Attack Shuts Down Port of Houston,United States,Transportation Systems
2001,Windows Compiler Causes PLC Code to Crash PLC,England,Food and Agriculture
2001,Electronic Sabotage of Petroleum Company???s Gas Processing Plant,United States,Petroleum
2001,SCADA Attack on Production Plant of Global Chemical Company,Unknown,Chemical
2001,Utility SCADA System Attacked,United States,Energy
2002,Software Bug Blamed in Radioactive Spill,Australia,Critical Manufacturing
2002,Whitehat Takeover of DCS Consoles,Canada,Petroleum
2002,Hacker Changes Chemical Plant Set Points via Modem,Canada,Chemical
2002,IP Address Change Shuts Down Chemical Plant,United States,Chemical
2002,Runaway Remote Control Train,United States,Transportation Systems
2002,UK Air Traffic Control Computers Fail,England,Transportation Systems
2002,Penetration Test Locks-Up Gas Utility SCADA System,United States,Petroleum
2002,Ski Gondola Worker Shutdown Control System,United States,Transportation Systems
2002,Hackers Crash Controller via Web Service,England,Critical Manufacturing
2002,Electronic Sabatoge of Venezuela Oil Operations,Venezuela,Petroleum
2002,Virus Infection of Operator Training Simulator,Canada,Petroleum
2003,MUMU Infection of Leak Detection System,England,Petroleum
2003,Nachi Worm on Advanced Process Control Servers,France,Chemical
2003,Infected New HMI Infects Chemical Plant DCS,Europe,Chemical
2003,Single PLC Lost For Unknown Reason,United States,General Manufacturing
2003,Contractor Accidentally Connects to Remote PLC,United States,Chemical
2003,Ethernet Network Storm Zaps Multiple PLC5???s,United States,Healthcare and Public Health
2003,Virus Attacks a European Utility,Europe,Energy
2003,Slammer Worm Hits Major US Auto Manufacturer,United States,Critical Manufacturing
2003,Slammer Impacts Offshore Platforms,United States,Petroleum
2003,Computer Error Grounds Japanese Flights,Japan,Transportation Systems
2003,Telco Shuts Off Critical SCADA Comms,Canada,Petroleum
2003,11 Ethernet PLCs Fail At Once,United States,Critical Manufacturing
2003,Slammer Infected Laptop Shuts Down DCS,England,Petroleum
2003,Power Industry Slammer #1,United States,Energy
2003,Power Industry Slammer #2,United States,Energy
2003,Sobig Virus Strikes CSX Train Signalling System,United States,Transportation Systems
2003,Slammer Impact on Ohio Nuclear Plant,United States,Energy
2003,Virus Shuts Down AC Jazz Airline Flight Planning Computer,Canada,Transportation Systems
2003,Nacchi Virus Infects Air Canada Check-In System,Canada,Transportation Systems
2003,Blaster Infects Onshore Oil Production Control System,United States,Petroleum
2003,Blaster Worm Infects Chemical Plant,England,Chemical
2003,Welchia Worm Infects Automation Network,United States,Petroleum
2003,Paper Company Control System Hit By Blaster,United States,Pulp and Paper
2003,Blaster Impacts HMI Stations in Smelter,Canada,Critical Manufacturing
2003,SCADA/EMS Alarm System Failure Contributes to Blackout,United States,Energy
2003,London August 2003 Power Blackout,England,Energy
2003,Iranian Hackers Attempt to Disrupt Israel Power System,Israel,Energy
2003,Baseline Audit Uncovers Virus in Water Control System,Australia,Water and Wastewater Systems
2003,MUMU Infection of Operator Training System,United States,Petroleum
2003,MUMU Infection of Fiscal Metering System,England,Petroleum
2003,Proposed Hack of UK Water Systems,England,Water and Wastewater Systems
2003,SQL Slammer Impacts Drill Site,United States,Petroleum
2004,Coors Brewing Shutdown,United States,Food and Agriculture
2004,Infected Laptop Infects SCADA Network,England,Food and Agriculture
2004,Theft of Relay Programming Laptops,United States,Energy
2004,Sasser Worm Causes Loss of View in Chemicals Plant,United States,Chemical
2004,Sasser Worm Infection in Process Control System.,England,Petroleum
2004,Virus Impacts Paper Machine HMI,United States,Pulp and Paper
2004,Sasser Worm Hits British Airways,England,Transportation Systems
2004,Two Viruses Cause Near Miss With Process Control Networks (PCN) in Africa,Chad,Petroleum
2004,Worm attack on Drilling Control system,England,Petroleum
2004,SCADA Workstation Infected by W32/Korgo Worm,United States,Energy
2004,Air Traffic Radar System in Palmdale California Crashes,United States,Transportation Systems
2004,Trojan Backdoor on Water SCADA System,Canada,Water and Wastewater Systems
2004,Loss of Network Traffic on PCN,United States,Food and Agriculture
2004,Backdoor Trojan Attack on Manufacturing Lab,Unknown,Critical Manufacturing
2005,Ping Sweep Caused DOS on PCN Firewall,England,Petroleum
2005,Routine Audit of SCADA Laptop Identifies Virus,Australia,Water and Wastewater Systems
2005,Offsite Fiber Cable Cut Causes Loss of Communications,United States,Energy
2005,Errant AntiVirus Definition Brings Down Railway LANs,Japan,Transportation Systems
2005,Japanese Nuclear Company Virus Attack,Japan,Energy
2005,E-Tag Incident,United States,Energy
2005,Zotob, PnP Worms Hit 13 Critical Manufacturing Manufacturing Plants,United States,Critical Infrastructure
2005,Attempted Cover-Up of Sewage Spillage,Australia,Water and Wastewater Systems
2005,PLC Crash In Food Plant,United States,Food and Agriculture
2005,Partial Loss of PLC Program,England,Food and Agriculture
2005,Software Vendor Patch Crashes SCADA System,England,Food and Agriculture
2005,Taum Sauk Water Storage Dam Failure,United States,Energy
2006,Remote Software Upgrade Causes Loss of Control & View,England,Transportation Systems
2006,Trojan Found on SCADA Server,Russia,General Manufacturing
2006,Power Plant Security Information Leaked Onto Internet,Japan,Energy
2006,Power Network Survives Virus Attack,India,Energy
2006,Browns Ferry Nuclear Plant Scrammed (Shut Down),United States,Energy
2006,Engineers Hack into Los Angeles Traffic Signal Computer,United States,Transportation Systems
2006,Pennsylvania Water Company Hack,United States,Water and Wastewater Systems
2007,SCADA Communictions Problems Cause Breakdown in Water Supply,United States,Water and Wastewater Systems
2007,Energy Company Exposed to Hackers by a Phishing Attack,Unknown,Energy
2007,Software failure contributes to rail car fire,United States,Transportation Systems
2007,Computer Glitch Causes Overflowing Water Tower,United States,Water and Wastewater Systems
2007,Sewage Spill Shuts Down a Cornish Shellfishery,England,Water and Wastewater Systems
2007,Computer Glitch Causes Major Power Outage,United States,Energy
2007,California Canal System Hack,United States,Water and Wastewater Systems
2007,Switch Malfunction Causes Sewage Spill,United States,Water and Wastewater Systems
2007,Former System Administrator Sentenced for Wrecking Corporate Servers,United States,General Manufacturing
2008,Schoolboy Hacks into Polish Tram System,Poland,Transportation Systems
2008,Blackout in Florida,United States,Energy
2008,SCADA System Failure Causes Shut down of Dublin Port Tunnel,Ireland,Transportation Systems
2008,SCADA System Collapse Leads to Tunnel Closure,Ireland,Transportation Systems
2008,Georgia Nuclear Power Plant Shutdown,United States,Energy
2008,Limerick Nuclear Reactor 1 Shut Down,United States,Energy
2008,Hacker Disabled Offshore Oil Platforms,United States,Petroleum
2008,Steel Plant infection with Ahack Worm,Brazil,Critical Manufacturing
2008,Tunnel Shutdown after Fault in Control System,Australia,Transportation Systems
2008,Baku-Tbilisi-Ceyhan Pipeline explosion,Turkey,Petroleum
2008,Computer Problems Causes Flight Delays,United States,Transportation Systems
2008,Chemical Plant Explosion,United States,Chemical
2008,Computer Glitch Causes Airplane Plunge,Australia,Transportation Systems
2008,Computer Virus Infects Three London Hospitals,England,Healthcare and Public Health
2008,Failed Sensor on Wind Turbine Caused Shower of Ice Shards,England,Energy
2008,Car Manufacturer Infected with Computer Virus,Japan,Critical Infrastructure
2009,Texas Road Sign Hack,United States,Transportation Systems
2009,Faulty Software Causes Torrens Lake Drain,Australia,Water and Wastewater Systems
2009,Computer glitch caused plane???s altitude to drop,Australia,Transportation Systems
2009,Texas Power Company Hack,United States,Energy
2009,Computer Virus Strikes Two Scottish Hospitals,England,Healthcare and Public Health
2009,Wastewater pumped into Jones Falls,United States,Water and Wastewater Systems
2009,Computer Failure Causes Jet Crash,France,Transportation Systems
2009,Washington DC Metro Accident,United States,Transportation Systems
2009,Hospital HVAC Hack,United States,Healthcare and Public Health
2009,Wrong Signal Shuts Down Cooling Systems,United States,Energy
2009,Computer Glitch Causes 7 Water Mains to Break,United States,Water and Wastewater Systems
2009,Flood Warning System Failure Causes Flooding,England,Water and Wastewater Systems
2009,Lightning Strikes Cause Sewage Pump Station Overflow,United States,Water and Wastewater Systems
2009,Computer Glitch Floods Neighborhood,United States,Water and Wastewater Systems
2009,Energy Company Virus Attack,Australia,Energy
2009,PC_SALITY.EN Virus Infects DCS Servers and Historians,South Africa,Chemical
2009,Refinery Explosion and Fire Caused by Non-Functioning Computerized Level Monitoring System,United States,Petroleum
2009,Computer Error Causes Flight Delays,United States,Transportation Systems
2009,Puget Sound Sewage Spill,United States,Water and Wastewater Systems
2009,Faulty Water Level Alarm Cause of Sewage Spill,United States,Water and Wastewater Systems
2009,Computer Glitch Causes Sewage Spill,United States,Water and Wastewater Systems
2010,Disgruntled Employee Remotely Disables Cars using the Webtech Plus System,United States,Critical Infrastructure
2010,Cyber Attack on Texas Electricity Provider,United States,Energy
2010,Power Failure Leads to Sewage Spill in Washington,United States,Water and Wastewater Systems
2010,SCADAlalarm & PCAnywhere compatibility,United States,Energy
2010,Trans-Alaska pipeline spill,United States,Petroleum
2010,Computer Glitch Causes Monongahela Incline Shut Down,United States,Transportation Systems
2010,Malware Shuts Down Milling Factory,Iran,General Manufacturing
2010,SCADA Water System Fails,United States,Water and Wastewater Systems
2010,Control system failure causes shutdown of liquified natural gas terminal,United States,Energy
2010,Computer Glitch Causes Water Outage,United States,Water and Wastewater Systems
2010,Faulty Train Signal Sends Train on Collision Course,England,Transportation Systems
2010,San Bruno Pipeline Explosion,United States,Energy
2010,Gas Leak Caused by Computer Malfunction,United States,Energy
2010,Malware Targets Uranium Enrichment Facility,Iran,Energy
2010,Water plant shut down by computer glitch,United States,Water and Wastewater Systems
2011,Control system failure caused phosphine leak,India,Chemical
2011,Hacker froze operations at pharmaceutical company,United States,Healthcare and Public Health
2011,Steel plant infected with Conficker,Brazil,Critical Manufacturing
2011,Computer Glitch Prevents Return of Gas Service,Israel,Petroleum
2011,Faulty Signaling Software Causes Train Delays,England,Transportation Systems
2011,Emergency flight landing caused by computer glitch,United States,Transportation Systems
2011,Computer glitch blamed for train signalling failure,Australia,Transportation Systems
2011,Computer Glitch Causes Ride Shutdown,United States,Transportation Systems
2011,Circuit card shuts down nuclear plant,United States,Energy
2011,Control system failure causes bridge delays,Guyana,Transportation Systems
2011,Computer glitch causes delayed and canceled flights,United States,Transportation Systems
2011,Computer glitch causes BART train service shutdown,United States,Transportation Systems
2011,Malware a Factor in Spanair Plane Crash,Spain,Transportation Systems
2011,Water Utility Hack Destroys Pump,United States,Water and Wastewater Systems
2011,South Houston Water Treatment Plant Hack,United States,Water and Wastewater Systems
2011,Malware Shuts Down Hospital,United States,Healthcare and Public Health
2011,Computer Glitch Causes Shutdown of Airport People Mover,United States,Transportation Systems
2012,Wastewater Treatment District Hacked,United States,Water and Wastewater Systems
2012,Process Control Network Infected with a Virus,Brazil,Petroleum
2012,Computer Malfunction Blamed for Major Sewage Spill,United States,Water and Wastewater Systems
2012,Auto Manufacturer Hacked,United States,Critical Infrastructure
2012,Iranian Oil Terminal offline after malware attack,Iran,Petroleum
2012,Computer Glitch Stops Trains,The Philippines,Transportation Systems
2012,Cascade of Computer Crashes Causes Metro System Shutdown,United States,Transportation Systems
2012,Trains Shut Down Due to Computer Malfunction,United States,Transportation Systems
2012,Computer Malfunction Causes Train Delays,United States,Transportation Systems
2012,Computer Virus Targets Saudi Arabian Oil Company,Saudi Arabia,Petroleum
2012,Shamoon virus knocks out computers at Qatari gas firm RasGas,Qatar,Petroleum
2012,Software Manufacturing Company Firewall Breach,Canada,General Manufacturing
2012,U. S. Electric Utility Virus Infection,United States,Energy
2012,U. S. Power Plant Infected With Malware,United States,Energy
2012,Computer Glitch Leads to Shutdown of Nuclear Reactor,United States,Energy
2013,Signal problems cause train delays,United States,Transportation Systems
2013,Virus shuts down county highway department network,United States,Transportation Systems
2013,Ransomware - Swansea, Massachusetts Police Department,United States,Emergency Services
2013,Ransomware - Greenland,United States,Government Facilities
2014,Ransomware - Village of Ilion, N.Y.,United States,Government Facilities
2014,U-2 spy plane caused widespread shutdown of U.S. flights: report,United States,Transportation Systems
2014,After ???Godzilla Attack!??? U.S. warns about traffic-sign hackers,United States,Transportation Systems
2014,Public utility compromised after brute-force hack attack, says Homeland Security,United States,Energy
2014,Russian-Based Dragonfly Group Attacks Energy Industry,United States,Energy
2014,German Steel Mill Cyber Attack,Germany,Critical Manufacturing
2014,Ransomware - Detroit City Government,United States,Government Facilities
2014,Ransomware - Village of Ilion, N.Y.,United States,Government Facilities
2014,Ransomware - Durham, N.H. police department,United States,Emergency Services
2014,Ransomware - Collinsville Police Department,United States,Emergency Services
2014,Ransomware - Dickson County Sheriff???s Office,United States,Government Facilities
2015,Ransomware - Midlothian Police Department,United States,Emergency Services
2015,Ransomware - Allegheny County DA's office,United States,Government Facilities
2015,Ransomware - Lincoln County Sheriff's Department,United States,Government Facilities
2015,Ransomware - Tewksbury Police Department,United States,Emergency Services
2015,Ransomware - Christopher Rural Health,United States,Healthcare and Public Health
2015,Ransomware - The Arc of Winnebago, Boone and Ogle Counties,United States,Healthcare and Public Health
2015,Ransomware - Ukraine's Power Grid,Ukraine,Energy
2015,Ransomware - Dallas Area Rapid Transit (DART) transit computer system,United States,Transportation Systems
2016,Ransomware - Uber,Global,Transportation Systems
2016,Ransomware - Titus Regional Medical Center,United States,Healthcare and Public Health
2016,Ransomware - Medfield,United States,Government Facilities
2016,Ransomware - Hollywood Presbyterian Medical Center,United States,Healthcare and Public Health
2016,Ransomware - Lukas Hospital in Germany,Germany,Healthcare and Public Health
2016,Ransomware - Klinikum Arnsberg hospital,Germany,Healthcare and Public Health
2016,Ransomware - Durham,United States,Government Facilities
2016,Ransomware - Park County,United States,Government Facilities
2016,Ransomware - Arizona Superior Court,United States,Government Facilities
2016,Ransomware - Los Angeles County Health Department,United States,Healthcare and Public Health
2016,Ransomware - Sarasota,United States,Government Facilities
2016,Ransomware - Kankakee County,United States,Government Facilities
2016,Ransomware - Manlius,United States,Government Facilities
2016,Ransomware - Clark County Water Reclamation,United States,Water and Wastewater Systems
2016,Ransomware - Peru Township,United States,Government Facilities
2016,Ransomware - City of Plainfield, N.J.,United States,Government Facilities
2016,Ransomware - The Ottawa Hospital,Canada,Healthcare and Public Health
2016,Ransomware - Prime Healthcare Services,United States,Healthcare and Public Health
2016,Ransomware - Henderson Methodist Hospital,United States,Healthcare and Public Health
2016,Ransomware - Melrose Police Department,United States,Emergency Services
2016,Ransomware - MedStar Health Baltimore,United States,Healthcare and Public Health
2016,Ransomware - Vernon Township,United States,Government Facilities
2016,Ransomware - Lansing Board of Water & Light,United States,Water and Wastewater Systems
2016,Ransomware - DeKalb Health Auburn,United States,Healthcare and Public Health
2016,Ransomware - Wichita County District Clerk,United States,Government Facilities
2016,Ransomware - Kansas Heart Hospital,United States,Healthcare and Public Health
2016,Ransomware - Pinal County Attorney's Office,United States,Government Facilities
2016,Ransomware - Columbiana County Juvenile Court System,United States,Government Facilities
2016,Ransomware - Langs Building Supplies (Queensland),Australia,Critical Manufacturing
2016,Ransomware - Palm Beach 911 Services,United States,Emergency Services
2016,Ransomware - Henry  County 911,United States,Emergency Services
2016,Ransomware - Janesville,United States,Government Facilities
2016,Ransomware - Durham, N.H. police department,United States,Emergency Services
2016,Ransomware - Woodbury County,United States,Government Facilities
2016,Ransomware - Wadena,United States,Government Facilities
2016,Ransomware - Urgent Care Clinic of Oxford,United States,Healthcare and Public Health
2016,Ransomware - University Gastroenterology,United States,Healthcare and Public Health
2016,Ransomware - Marin General Healthcare District and Prima Medical Group,United States,Healthcare and Public Health
2016,Ransomware - New Jersey Spine Center,United States,Healthcare and Public Health
2016,Ransomware - RI State Police,United States,Emergency Services
2016,Ransomware - Keck Medicine,United States,Healthcare and Public Health
2016,Ransomware - Rainbow Children's Clinic,United States,Healthcare and Public Health
2016,Ransomware - Appalachian Regional Healthcare,United States,Healthcare and Public Health
2016,Ransomware - Palm Beach 911 Services,United States,Emergency Services
2016,Ransomware - Honolulu, FD,United States,Emergency Services
2016,Ransomware - Yuba City,United States,Government Facilities
2016,Ransomware - Office of the Palm Beach County Supervisor of Elections,United States,Government Facilities
2016,Ransomware - Department of Mineral Resources,United States,Government Facilities
2016,Ransomware - Saint Francis Health System,United States,Healthcare and Public Health
2016,Ransomware - Springfield,United States,Government Facilities
2016,Ransomware - Palm Hill PD,United States,Emergency Services
2016,Ransomware - Barnstable Police Department,United States,Emergency Services
2016,Ransomware - Crow Wing County,United States,Government Facilities
2016,Ransomware - Mount Holly Springs PD,United States,Emergency Services
2016,Ransomware - Bighton PD,United States,Emergency Services
2016,Ransomware - Henry County Voting,United States,Government Facilities
2016,Ransomware - Northern Lincolnshire & Goole NHS Foundation Trust,England,Healthcare and Public Health
2016,Ransomware - Clay County Courthouse,Indiana,Government Facilities
2016,Ransomware - Madison County Government and Police Department,Indiana,Government Facilities
2016,Ransomware - Howard County Government,Indiana,Government Facilities
2016,Ransomware - St. Mary's County,United States,Government Facilities
2016,Ransomware - San Francisco Municipal Transport Authority (SFMTA),United States,Transportation Systems
2016,Ransomware - ARCare,United States,Healthcare and Public Health
2016,Ransomware - Carroll County Sheriff's Office and another unspecified agency in the county,United States,Government Facilities
2016,Ransomware - Mount Pleasant Police Department,United States,Emergency Services
2016,Ransomware - Cockrell Hill Police Department,United States,Emergency Services
2017,Ransomware - Romantik Seehotel J??gerwirt Hotel,Austria,Commercial Facilities
2017,Ransomware - Washington DC,United States,Government Facilities
2017,Ransomware - Washington D.C. Police CCTV,United States,Emergency Services
2017,Ransomware - Warren County Sheriff's Department,United States,Government Facilities
2017,Ransomware - Marion County, FL,United States,Government Facilities
2017,Ransomware - St Louis Public Library,United States,Government Facilities
2017,Ransomware - Romantik Seehotel Jaegerwirt,Austria,Commercial Facilities
2017,Ransomware - Licking County government offices,United States,Government Facilities
2017,Ransomware - Roxana Police Department,United States,Emergency Services
2017,Ransomware - Office of Management and Enterprise,United States,Government Facilities
2017,Ransomware - Bingham County,United States,Government Facilities
2017,Ransomware - PA State Senate Democrats,United States,Government Facilities
2017,Ransomware - Wood River Police Department,United States,Emergency Services
2017,Ransomware - Troup County (and PD),United States,Government Facilities
2017,Ransomware - Erie County Medical Center,United States,Healthcare and Public Health
2017,Ransomware - City of Newark,United States,Government Facilities
2017,Ransomware - Renault,France and Slovenia,Commercial Facilities
2017,Ransomware - Singapore shopping mall,Singapore,Commercial Facilities
2017,Ransomware - Nissan,England,Commercial Facilities
2017,Ransomware - Portugal Telecom,Portugal,Communications
2017,Ransomware - MegaFon,Russia,Communications
2017,Ransomware - MediaOnline,Singapore,Communications
2017,Ransomware - Telefonica,Spain,Communications
2017,Ransomware - Hitachi,Japan,Critical Manufacturing
2017,Ransomware - Chinese Police,China,Emergency Services
2017,Ransomware - Indian police in the state of Andhra Pradesh,India,Emergency Services
2017,Ransomware - Petrobras,Brazil,Energy
2017,Ransomware - China gas stations,China,Energy
2017,Ransomware - Iberdrola,Spain,Energy
2017,Ransomware - Bank Of China,China,Financial Services
2017,Ransomware - Russia Central Bank,Russia,Financial Services
2017,Ransomware - Sberbank,Russia,Financial Services
2017,Ransomware - Brazil's Foreign Ministry,Brazil,Government Facilities
2017,Ransomware - Brazil's social security system,Brazil,Government Facilities
2017,Ransomware - Chinese traffic police, immigration and public security bureaus,China,Government Facilities
2017,Ransomware - Cook County,United States,Government Facilities
2017,Ransomware - Russian Interior Ministry,Russia,Government Facilities
2017,Ransomware - National Health Service (NHS) UK,England,Healthcare and Public Health
2017,Ransomware - Sandvik,Sweden,Information Technology
2017,Ransomware - Deutsche Bahn (Germany Rail Network),Germany,Transportation Systems
2017,Ransomware - Russian Railways,Russia,Transportation Systems
2017,Ransomware - FedEx,United States,Transportation Systems
2017,Ransomware - Rensselaer County Library,United States,Government Facilities
2017,Ransomware - Telkom,South Africa,Communications
2017,Ransomware - Internet Nayana,South Korea,Information Technology
2017,Ransomware - NPR KQED San Francisco,United States,Communications
2017,Ransomware - Honda Motor Co.,Global,Critical Manufacturing
2017,Ransomware - Murfreesboro PD and FD,United States,Emergency Services
2017,Ransomware - Cape May County,United States,Government Facilities
2017,Ransomware - Mad River Fire and EMS,United States,Emergency Services
2017,Ransomware - Iberia Parish Sheriff's Office,United States,Government Facilities
2017,Ransomware - City of Washington,United States,Government Facilities
2017,Ransomware - Becker County,United States,Government Facilities
2017,Ransomware - NHS Lanarkshire board hospitals,Scottland,Healthcare and Public Health
2017,Ransomware - Butler County (and PD),United States,Government Facilities
2017,Ransomware - Town of St Johnsbury,United States,Government Facilities
2017,Ransomware - Indianhead Library System,United States,Government Facilities
2017,Ransomware - Montgomery County (Alabama),United States,Government Facilities
2017,Ransomware - City of Englewood,United States,Government Facilities
2017,Ransomware - Topsham,United States,Government Facilities
2017,Ransomware - Town of Yarrow Point,United States,Government Facilities
2017,Ransomware - Texas Department of Agriculture,United States,Food and Agriculture
2017,Ransomware - Spring Hill (and 911 Services),United States,Government Facilities
2017,Ransomware - Sacramento Transit System,United States,Transportation Systems
2017,Ransomware - Village of Nashotah,United States,Government Facilities
2017,Ransomware - Georgia Department of Agriculture,United States,Food and Agriculture
2017,Ransomware - Mecklenburg County,United States,Government Facilities
2017,Ransomware - Emory Healthcare,United States,Healthcare and Public Health
2018,Ransomware - TransCanada,Canada,Energy
2018,Ransomware - City of Farmington,United States,Government Facilities
2018,Ransomware - City of Belle Fourche,United States,Government Facilities
2018,Ransomware - Hancock Health,United States,Healthcare and Public Health
2018,Ransomware - Adams Memorial Hospital, Indiana,United States,Healthcare and Public Health
2018,Ransomware - Allscripts Healthcare Solutions, Inc.,United States,Healthcare and Public Health
2018,Ransomware - Spartanburg County Library,United States,Government Facilities
2018,Ransomware - Savannah (and Savannah PD),United States,Government Facilities
2018,Ransomware - Davidson County,United States,Government Facilities
2018,Ransomware - Johnson County Sheriff's Department,United States,Emergency Services
2018,Ransomware - City of Hinesville,United States,Government Facilities
2018,Ransomware - Colorado Department of Transportation (CDOT),United States,Transportation Systems
2018,Ransomware - State of Connecticut (12  State Agencies),United States,Government Facilities
2018,Ransomware - City of Leeds,United States,Government Facilities
2018,Ransomware - Colorado Department of Transportation (CDOT),United States,Transportation Systems
2018,Ransomware - Leeds PD and FD,United States,Emergency Services
2018,Ransomware - Portland,United States,Government Facilities
2018,Ransomware - Portland,United States,Government Facilities
2018,Ransomware - Connecticut Judicial Branch,United States,Government Facilities
2018,Ransomware - Atlanta (and Atlanta PD),United States,Government Facilities
2018,Ransomware - Baltimore 911 System,United States,Emergency Services
2018,Ransomware - MN Associates in Psychiatry and Psychology,United States,Healthcare and Public Health
2018,Ransomware - Energy Transfer Partners,United States,Energy
2018,Ransomware - City of Richmond,United States,Government Facilities
2018,Ransomware - Town of Rockport,United States,Government Facilities
2018,Ransomware - Ashland Community Library,United States,Government Facilities
2018,Ransomware - Riverside FD and PD,United States,Emergency Services
2018,Ransomware - Dawson County,United States,Government Facilities
2018,Ransomware - Riverside FD and PD,United States,Emergency Services
2018,Ransomware - Pasquotank County,United States,Government Facilities
2018,Ransomware - City of Winder,United States,Government Facilities
2018,Ransomware - Lamar County Sheriff's Department,United States,Government Facilities
2018,Ransomware - Banco de Chile,Chile,Financial Services
2018,Ransomware - Jefferson Village,United States,Government Facilities
2018,"State Agencies (departments of Children, Youth and Families, Human Services, and Behavioral Healthcare, Developmental Disabilities and Hospitals)",United States,Government Facilities
2018,Village of Palm Springs,United States,Government Facilities
2018,Westmoreland County Housing Authority,United States,Government Facilities
2018,Derby Police Department,United States,Emergency Services
2018,LabCorp,United States,Healthcare and Public Health
2018,Borough of Matanuska-Susitna (Mat-Su),United States,Government Facilities
2018,Cosco Shipping Lines,Global,Transportation Systems
2018,City of Valdez,United States,Government Facilities
2018,Coweta County and Public Safety,United States,Government Facilities
2018,Town of Marblehead,United States,Government Facilities
2018,City of Beatrice (and PD and FD),United States,Government Facilities
2018,Port of San Diego (Harbor and PD),United States,Transportation Systems
2018,Onslow County Water and Sewer,United States,Water and Wastewater Systems
2018,Madison County,United States,Government Facilities
2018,Indiana National Guard,Indiana,Government Facilities
2018,City of West Haven,United States,Government Facilities
2018,Muscatine (City and PD),United States,Government Facilities
2018,Crawford County,United States,Government Facilities
2018,Moultrie County,United States,Government Facilities
2018,North Bend (and PD),United States,Government Facilities
2018,KrausMaffei,Germany,Critical Manufacturing
2018,Rockaway Township PD,United States,Emergency Services
2018,Thundermist Health Center,United States,Healthcare and Public Health
2018,Town of Jupiter,United States,Government Facilities
2019,Salisbury PD,United States,Emergency Services
2019,City of Del Rio,United States,Government Facilities
2019,Nyrstar,Switzerland,Critical Manufacturing
2019,Akron,United States,Government Facilities
2019,City of Sammamish,United States,Government Facilities
2019,Altran Technologies,France,Information Technology
2019,Rainbow Dental Care, PLLC,United States,Healthcare and Public Health
2019,Fort Collins-Loveland Water District and the South For Collins Snaitation District, Colorado,United States,Water and Wastewater Systems
2019,Network Tallahassee,United States,Communications
2019,Committee for Public Counsel,United States,Government Facilities
2019,Fisher County PD,United States,Emergency Services
2019,Jackson County, Georgia,United States,Government Facilities
2019,Brookside Medical Center, Battle Creek, MI,United States,Healthcare and Public Health
2019,Plymouth and Plymouth PD,United States,Government Facilities
2019,The Police Federation of England and Wales (PFEW),England,Government Facilities
2019,Norsk Hydro,Norway,Critical Manufacturing
2019,Orange County (and PD),United States,Government Facilities
2019,Mitsubishi Canada Aerospace,Canada,Critical Manufacturing
2019,LockerGoga Ransomware Impacts Norsk Hydro,Norway,Energy
2019,Arizona Beverages,United States,Food and Agriculture
2019,Hexion Inc. and MPM Holdings Inc.,United States,Critical Manufacturing
2019,City of Albany, New york,United States,Government Facilities
2019,Townsqaure Media,United States,Communications
2019,City of Lodi,United States,Government Facilities
2019,Potter County Sheriff's Office,United States,Government Facilities
2019,Garfield County,United States,Government Facilities
2019,Genessee County,United States,Government Facilities
2019,Park Duvalle Community Health Center,United States,Healthcare and Public Health
2019,City of Greenville, NC,United States,Government Facilities
2018,Bayer confirms cyber attack but says no data stolen,Germany,Healthcare and Public Health
2019,Imperial County,United States,Government Facilities
2019,Stuart City,United States,Government Facilities
2019,Verint- Cybersecurity firm,Israel,Information technology
2019,The weather channel Atlanta,United States,Communications
2019,City of Augusta, Maine,United States,Government Facilities
2019,Cleveland Hopkins International Airport,United States,Transportation Systems
2019,Aebi Schmidt,Switzerland,Critical Manufacturing
2019,Daviess County Public Library,United States,Government Facilities
2019,District of Squamish,Canada,Government Facilities
2019,City of Cartersville,United States,Government Facilities
2019,Washington County, PA,United States,Government Facilities
2019,City of Baltimore,United States,Government Facilities
2019,CloudJumper,United States,Information Technology
2019,WMNF Tampa,United States,Communications
2019,City of Edcouch,United States,Government Facilities
2019,Riviera Beach, Florida,United States,Government Facilities
2019,Chilean Ministry of Agriculture,Chile,Food and Agriculture
2019,Eurofins Scientific,England,Chemical
2019,ASCO,Belgium,Critical Manufacturing
2019,Park Duvalle Community Health Center,United States,Healthcare and Public Health
2019,Pawtucket Fire Department,United States,Emergency Services
2019,Lake City, Florida,United States,Government Facilities
2019,A. Duie Pyle (west chester, PA),United States,Transportation Systems
2019,IT By Design,United States,Information Technology
2019,Village of Key Biscayne, Florida,United States,Government Facilities
2019,Georgia Administrative Office of the Courts,United States,Government Facilities
2019,Sarrell Dental and Eye Centers,United States,Healthcare and Public Health
2019,Ransomware - City off Lake City, Florida,United States,Government Facilities
2019,Athol Police Department, MA,United States,Emergency Services
2019,City of New Bedford, Massachussetts,United States,Government Facilities
2019,La Porte County, Indiana,Indiana,Government Facilities
2019,Premier Family Medical,United States,Healthcare and Public Health
2019,Berry Family Services, Rowlett, Texas,United States,Healthcare and Public Health
2019,River Radio of Southern Illinois,United States,Communications
2019,City of Exeter,United States,Government Facilities
2019,Town of Collierville,United States,Government Facilities
2019,Max Media,United States,Communications
2019,Vigo County,Indiana,Government Facilities
2019,City Power, Johannesburg, South Africa,South Africa,Energy
2019,CHI Health Lakeside Hospital,United States,Healthcare and Public Health
2019,Wood Ranch Medical,United States,Healthcare and Public Health
2019,Monterey Health Center,United States,Healthcare and Public Health
2019,Bonham City Police Department,United States,Emergency Services
2019,Graham City Police Department,United States,Emergency Services
2019,Vernon City Police Department,United States,Emergency Services
2019,15 Undisclosed Texas Towns,United States,Government Facilities
2019,Robertson County Sherriff's Office, Texas,United States,Government Facilities
2019,Kaufman City, Texas,United States,Government Facilities
2019,Wilmer City, Texas,United States,Government Facilities
2019,Grayson County, Texas,United States,Government Facilities
2019,Lubbock County, Texas,United States,Government Facilities
2019,Keene City, Texas,United States,Government Facilities
2019,Borger City, Texas,United States,Government Facilities
2019,Magnolia Pediatrics,United States,Healthcare and Public Health
2019,Percsoft and the Digital Dental Record,United States,Information Technology
2019,Charlton Town, MA,United States,Government Facilities
2019,Lake County, Indiana,Indiana,Government Facilities
2019,Victorian Hospitals across Gippsland, Geelong, Warrnmabool, and regional towns,Australia,Healthcare and Public Health
2019,Demant,Denmark,Critical Manufacturing
2019,Betty Jean People???s Health,United States,Healthcare and Public Health
2019,Entercom Communications Corp.,United States,Communications
2019,Campbell County Memorial Hospital, Wyoming,United States,Healthcare and Public Health
2019,Southeastern Minnesota Oral & Maxillofacial Surgery (SEMOMS),United States,Healthcare and Public Health
2019,Rheinmetall AG,Brazil, Mexico, and the United States,Critical Manufacturing
2019,City of Cornelia, GA,United States,Government Facilities
2019,North Carolina State Bar,United States,Government Facilities
2019,Gippsland Health Alliance and South West Aliiance of Rural Health,Australia,Healthcare and Public Health
2019,(3) DCH Health System hospitals (Tuscaloosa, Fayetter, and Northport, AL),United States,Healthcare and Public Health
2019,Ozark Orthopaedics,United States,Healthcare and Public Health
2019,CareerSource Tampa Bay,United States,Government Facilities
2019,CareerSource Pinellas,United States,Government Facilities
2019,WOWW Radio,United States,Communications
2019,M6,France,Communications
2019,Ingredion,United States,Food and Agriculture
2019,Pilz,Germany,Critical Manufacturing
2019,TrialWorks (MSP),United States,Information Technology
2019,Pitney Bowes,United States,Transportation Systems
2019,LifeLabs,Canada,Healthcare and Public Health
2019,Andrew Agencies,Canada,Financial Services
2019,Johnson City,United States,Government Facilities
2019,National Veterinary Associates,United States,Healthcare and Public Health
2019,Children's Choice Pediatrics,United States,Healthcare and Public Health
2019,Ransomware - Port of Fortaleza,Brazil,Transportation Systems
2019,Allied Universal,United States,Information Technology
2019,Government of Nunavut,Canada,Government Facilities
2019,Cadena SER,Spain,Communications
2019,Everis,Spain,Information Technology
2019,ABC Liquor Store in Pitt County,United States,Commercial Facilities
2019,Center for Facial Restoration,United States,Healthcare and Public Health
2019,SmarterASP.NET,United States,Information Technology
2019,Petr??leos Mexicanos (Pemex),Mexico,Energy
2019,Central Kansas Orthopedic Group,United States,Healthcare and Public Health
2019,Rouen University Hospital Center (CHU),France,Healthcare and Public Health
2019,Virtual Care Provider Inc. (VCPI),United States,Information Technology
2019,Louisiana???s Office of Technology Services (OTS),United States,Government Facilities
2019,Manchester Ophthalmology,United States,Healthcare and Public Health
2019,Archuleta County,United States,Government Facilities
2019,Great Plains Health,United States,Healthcare and Public Health
2019,Englewood Complete Technology Services,United States,Information Technology
2019,Prosegur,Spain,Information Technology
2019,Bird Construction,Canada,Critical Manufacturing
2019,City of Onkaparinga Council,Australia,Government Facilities
2019,North Carolina Native American Tribe,United States,Government Facilities
2019,Crossroads Technologies,United States,Healthcare and Public Health
2019,Medical Diagnostic Laboratories,United States,Healthcare and Public Health
2019,Hackensack Meridian Health,United States,Healthcare and Public Health
2019,BST & CO (accounting firm),United States,Financial Services
2019,Bio-Rad Laboratories, Inc.,United States,Healthcare and Public Health
2019,CyrusOne,United States,Information Technology
2019,City of Pensacola,United States,Government Facilities
2019,Town of East Greenwich,United States,Government Facilities
2019,Arrigo Dodge Chrysler Jeep of West Palm Beach,United States,Commercial Facilities
2019,Southwire (cable and wire manufacturer),United States,Critical Manufacturing
2019,Busch's Inc (Grocery chain),United States,Food and Agriculture
2019,Tidelands Health,United States,Healthcare and Public Health
2019,City of New Orleans,United States,Government Facilities
2019,City of Galt,United States,Government Facilities
2019,St. Lucie County Sheriff's Office,United States,Government Facilities
2019,TruckStop.com,United States,Commercial Facilities
2019,City of Seal Beach,United States,Government Facilities
2019,City of Dunwoody,United States,Government Facilities
2019,Synoptek,United States,Information Technology
2019,LogicalNet (MSP) Schenectady, NY,United States,Information Technology
2019,Albany International Airport,United States,Transportation Systems
2019,Tribune Publishing,United States,Communications
2019,US Coast Guard,United States,Defense Industrial Base
2019,Travelex,England,Financial Services
2020,Bretagne Telecom,France,Communications
2020,Communications and Power Industries (CPI),United States,Critical Manufacturing
2020,US natural gas compression facility,United States,Energy
2020,SAOG United Insurance Company,Oman,Financial Services
2020,Wipro,India,Information Technology
2020,Encloe Medical Center,United States,Healthcare and Public Health
2020,Contra Costa County Library,United States,Government Facilities
2020,eHealth Saskatchewan,Canada,Healthcare and Public Health
2020,Volusia County Library System,United States,Government Facilities
2020,New Mexico Public Regulation Commission,United States,Government Facilities
2020,New Orleans Ernest N Morial Convention Center,United States,Government Facilities
2020,Town of Colonie,United States,Government Facilities
2020,Bouygues Construction Unit,France,Critical Manufacturing
2020,City of Potsdam,Germany,Government Facilities
2020,Tillamook County,United States,Government Facilities
2020,Tampa Bay Times,United States,Communications
2020,Electronic Warfare Associates (EWA),United States,Defense Industrial Base
2020,Brandywine Urology Consultants,United States,Healthcare and Public Health
2020,Gedia Critical Infrastructure Group,Germany,Critical Manufacturing
2020,City of Oshkosh,United States,Government Facilities
2020,RailWorks Corportation,United States,Transportation Systems
2020,Mid-Delaware Imaging (MDI),United States,Healthcare and Public Health
2020,San Miguel County,United States,Government Facilities
2020,Toll Group,Australia,Transportation Systems
2020,CU Collections,United States,Commercial Facilities
2020,Visser Precision,United States,Critical Manufacturing
2020,North Miami Beach Police Department,United States,Emergency Services
2020,Port Lavaca City Hall,United States,Government Facilities
2020,Affordacare Urgent Care Clinic,United States,Healthcare and Public Health
2020,Affordacare Urgent Care Clinics,United States,Healthcare and Public Health
2020,Rockdale County Water Resources,United States,Water and Wastewater Systems
2020,north-east England council,England,Government Facilities
2020,Redcar and Cleveland Council,England,Government Facilities
2020,City of Garrison,United States,Government Facilities
2020,NCR Health,United States,Healthcare and Public Health
2020,Andrews Braces,United States,Healthcare and Public Health
2020,EMCOR,United States,Critical Manufacturing
2020,ISS World,Denmark,Commercial Facilities
2020,City of Wayne,United States,Government Facilities
2020,Reading Municipal Light Department (RMLD),United States,Energy
2020,LaSalle County Government,United States,Government Facilities
2020,Prince Edward Island government,United States,Government Facilities
2020,Grayson County, Texas,United States,Government Facilities
2020,District of Squamish,Canada,Government Facilities
2020,Jordan Health,United States,Healthcare and Public Health
2020,Talman Software,Australia,Information Technology
2020,Epiq Global (MSP),United States,Information Technology
2020,Brooks International (business management consultant),United States,Communications
2020,LTI Power Systems,United States,Energy
2020,City of Torrance (Los Angeles County),United States,Government Facilities
2020,Geidi (IT serves),Australia,Information Technology
2020,US natural gas operator shuts down for 2 days after being infected by ransomware,United States,Petroleum
2020,Kimchuk,United States,Critical Manufacturing
2020,City of Durham,United States,Government Facilities
2020,VT San Antonio Aerospace (aerospace and defense contractor),United States,Transportation Systems
2020,Champaign-Urbana Public Health District,United States,Healthcare and Public Health
2020,10x Genomics,United States,Chemical
2020,ExecuPharm,United States,Chemical
2020,University Hospital Brno,Czech Republic,Healthcare and Public Health
2020,Hammersmith Medicines Research,England,Chemical
2020,Jamaica Constabulary Force,Jamaica,Financial Services
2020,Henning Harders (freight and logistics firm),Australia,Transportation Systems
2020,Mat-Su Surgical,United States,Healthcare and Public Health
2020,Woodlawn Dental Center,United States,Healthcare and Public Health
2020,Moorestown Visiting Nurse Association,United States,Healthcare and Public Health
2020,Finastra,England,Financial Services
2020,Town of Jupiter,United States,Government Facilities
2020,Daniel Bendetowicz, MD internal medicine provider (Fort Myers),United States,Healthcare and Public Health
2020,SBTech (online sports betting websites),Global,Commercial Facilities
2020,East Bay Biotech,United States,Chemical
2020,SeaChange video platform (Waltham, MA),United States,Communications
2020,Koller Craft LLC (injection moulded plastic compenent manufacturer),United States,Critical Manufacturing
2020,Berkine (Algerian Petroleum Jont Venture),United States,Energy
2020,Energias de Portugal (EDP),Portugal,Energy
2020,Chubb,United States,Financial Services
2020,Danish Agro,Denmark,Food and Agriculture
2020,National Association of Eating Disorders,United States,Healthcare and Public Health
2020,Kent Commercial Services (News Site),England,Communications
2020,Southeastern Wire (wire manufacturer),United States,Critical Manufacturing
2020,Coffee County Jail,United States,Government Facilities
2020,Rangely District Hospital (Rio Blanco County),United States,Healthcare and Public Health
2020,Florida Orthopaedic Institute,United States,Healthcare and Public Health
2020,Borough of Duncannon (Perry County, PA),United States,Government Facilities
2020,MSC hit by network outage, cyber-attack not ruled out,Switzerland,Transportation Systems
2020,Magellan Health,United States,Healthcare and Public Health
2020,Healthcare Fiscal Management, Inc. (St. Mary's Health Care Contractor),United States,Healthcare and Public Health
2020,Orleans Parish Assessor's Office (New Orleans),United States,Government Facilities
2020,2 hospitals in the Czech Republic,Czech Republic,Healthcare and Public Health
2020,Cognizant,United States,Information Technology
2020,Parkview Medical Center (Pueblo County),United States,Healthcare and Public Health
2020,Lawrence County 911 center,United States,Emergency Services
2020,Diebold Nixdorf (ATM provider),United States,Financial Services
2020,Tom Berkowitz Trucking Inc (whitinsville, MA),United States,Transportation Systems
2020,Dakota Carrier Network (DCN),United States,Information Technology
2020,Northwest Territories Power Corporation,Canada,Energy
2020,BlueScope (Steelmaker- Port Kembla),Australia,Critical Manufacturing
2020,Fincantieri Vard Group AS (Shipbuilding Company),Norway,Critical Manufacturing
2020,Banco BCR,Costa Rica,Financial Services
2020,Sparboe (egg producer),United States,Food and Agriculture
2020,Network of Village of Weiz,Austria,Government Facilities
2020,Harvest Food Distributors (San Deigo),United States,Food and Agriculture
2020,Sherwood Food Distributors (Detroit),United States,Food and Agriculture
2020,Fresenius SE & Co.,Germany,Healthcare and Public Health
2020,Powertech Technology Inc.,Taiwan,Information Technology
2020,CPC Corp. (Tawain's state-owned energy company),Taiwan,Energy
2020,Formosa Petrochemica,Taiwan,Energy
2020,Ashville Plastic Surgery Institute,United States,Healthcare and Public Health
2020,Plastic Surgeon Kristin Tarbet (Bellevue, Wash),United States,Healthcare and Public Health
2020,Toll Group,Australia,Transportation Systems
2020,HLB (Belgian accounting firm),Belgium,Financial Services
2020,Unnamed health care company,United States,Healthcare and Public Health
2020,Stadler (Rail vehicle manufacturer),Switzerland,Transportation Systems
2020,Nipissing First Nation (NFN) Administration,Canada,Government Facilities
2020,Texas Supreme Court Website,United States,Government Facilities
2020,Pitney Bowes,United States,Information Technology
2020,Bernards Township,United States,Government Facilities
2020,Texas Department of Transportation,United States,Transportation Systems
2020,M.J. Brunner (msp),United States,Information Technology
2020,Sri Lanka Telecom,Sri Lanka,Communications
2020,MaxLinear (radio-frequency chip maker),United States,Communications
2020,Max Linear,United States,Communications
2020,Northwest Atlantic Fisheries Organization,Canada,Food and Agriculture
2020,Hospitals in Spain,Spain,Healthcare and Public Health
2020,Rio Arriba County,United States,Government Facilities
2020,Owens Ear Center (Forth Worth),United States,Healthcare and Public Health
2020,Telkom,South Africa,Communications
2020,Conducent,United States,Information Technology
2020,WorldNet Telecommunications and ISP,Puerto Rico,Communications
2020,Mitsubishi,Europe,Critical Manufacturing
2020,Webuild SpA (industrial group),Italy,Critical Manufacturing
2020,Unnamed small company,United States,Critical Manufacturing
2020,Fisher and Paykel Appliances,New Zealand,Critical Manufacturing
2020,Faxon Machining,United States,Critical Manufacturing
2020,Medservicegroup,Ukraine,Critical Manufacturing
2020,Electricity Generating Authority of Thailand,Thailand,Energy
2020,Goodman Mintz LLP,Canada,Financial Services
2020,Indiabulls Group,India,Financial Services
2020,Columbus Metro Federal Credit Union,United States,Financial Services
2020,Crozer-Keystone Health System (Delaware County, PA),United States,Healthcare and Public Health
2020,Sapiens (Software Company),Israel,Information Technology
2020,Symbiotic LLC,United States,Information Technology
2020,LG Electronics,South Korea,Information Technology
2020,Westech International (US military contractor),United States,Nuclear Reactors, Materials, and Waste
2020,Digital Manament Inc. (NASA Contractor),United States,Information Technology
2020,City of Florence, Alabama,United States,Government Facilities
2020,2 undisclosed Alabama cities,United States,Government Facilities
2020,Lorien Health Services,United States,Healthcare and Public Health
2020,Honda Motor Co.,Global,Critical Manufacturing
2020,Enel Argentina Edesur S.A. Buenos Aires,Argentina,Energy
2020,Collabera,United States,Information Technology
2020,Honda operations disrupted after suspected cyber attack,Global,Critical Manufacturing
2020,Lion (Beverage giant),Australia,Food and Agriculture
2020,Ahmed Almazrouei Group,GCC Region,Critical Manufacturing
2020,Mead O'Brien, Inc,United States,Critical Manufacturing
2020,Munoz Engineering PC,United States,Critical Manufacturing
2020,Westmoreland Mechanical Testing and Research, Inc.,United States,Critical Manufacturing
2020,United Enertech (US construction company,United States,Critical Manufacturing
2020,Daily Thermetrics,United States,Critical Manufacturing
2020,Domingos Martins,Brazil,Government Facilities
2020,City of Keizer, Oregon,United States,Government Facilities
2020,Omnix Int'l,UAE,Information Technology
2020,FERSPED Inc. (Macedonian shipping company),Macedonia,Transportation Systems
2020,John Christner Trucking,United States,Transportation Systems
2020,Knoxville PD and City of Knoxville, TN (Knox County),United States,Government Facilities
2020,Tallapoosa County Probate Office (Alabama),United States,Government Facilities
2020,Care New England,United States,Healthcare and Public Health
2020,SilPac,United States,Energy
2020,Electricity Generating Authority of Thailand,Thailand,Energy
2020,Xerox Corporation,England,Information Technology
2020,VirtualGuard,United States,Emergency Services
2020,Ostermeir FZE (engineering firm),UAE,Critical Manufacturing
2020,Durham Radio,Canada,Communications
2020,Canada's Royal Military College,Canada,Defense Industrial Base
2020,Actuaries and Associates (retirement specialist),United States,Financial Services
2020,Thai Beverage Public Company,Thailand,Food and Agriculture
2020,Regis Healthcare (health and aged care provider),Australia,Healthcare and Public Health
2020,ADIF (Spanish railway manager),Spain,Transportation Systems
2020,Trinity Metro (Forth Worth transit agency),United States,Transportation Systems
2020,Orange (mobile operator),France,Communications
2020,Cooke County Sheriff's Office,United States,Government Facilities
2020,X-FAB,United States,Critical Manufacturing
2020,Xchanging (msp insurance mangaged services business subsidiary of DXC Technology),Australia,Information Technology
2020,Chilton County,United States,Government Facilities
2020,SiteOne Landscape Supply,United States,Food and Agriculture
2020,Telecom Argentina,Argentina,Communications
2020,Garmin,United States,Communications
2020,DKA (refrigeration and air conditioning specialist, Dussmann Group subsidiary),Germany,Critical Manufacturing
2020,Konica Minolta,Japan,Information Technology
2020,Brookfield Residential (land developer and home builder),United States,Commercial Facilities
2020,Cornerstone Building Brands,United States,Critical Manufacturing
2020,Boyce Technologies (device manufacturer- transit communication systems and now ventilators b/c of COVID-19),United States,Critical Manufacturing
2020,SK Hynix (semiconductor company),South Korea,Critical Manufacturing
2020,R1 RCM (medical debt collection firm),United States,Financial Services
2020,Brown-Forman Corp (alcohol manufacturer),United States,Food and Agriculture
2020,City of Lafayette, Colorado,United States,Government Facilities
2020,Center for Fertility and Gynecology (Los Angeles),United States,Healthcare and Public Health
2020,Olympia House (Petaluma),United States,Healthcare and Public Health
2020,Valley Health Systems,United States,Healthcare and Public Health
2020,Canon,United States,Critical Manufacturing
2020,Regional District of Okanagan Similkameen,Canada,Government Facilities
2020,Carnival PLC (cruise ship operator),Global,Commercial Facilities
2020,4 Canadian courier divisions of TFI,Canada,Transportation Systems
2020,Ma Labs,United States,Critical Manufacturing
2021,Ultrapar (UGPA3),Brazil,Oil and Gas
2021,Fire hits Light substation,Brazil,Energy
2021,Bombardier reports incident and ransomware,Costa Rica,Transportation Systems
2020,Vaccine for Covid-19: North Korean and Russian hackers attack laboratories,London,
2021,French boat manufacturer Beneteau SA said it will slow down or stop some of its production after a cyberattack.,France,
2021,Hezbollah attacked telecom operators worldwide,Israel,Communications
2018,Malware messages and phone calls: How Russian special ops won in Ukraine,Ukraine,Communications
2021,Cyberattack on Iran nuclear facility,Iran,Nuclear Reactors, Materials, and Waste
